{"cameraMode":{"drawMode":0,"name":"Shaded","section":"Shading Mode"},"sceneLighting":false,"audioPlay":false,"sceneViewState":{"showFog":true,"showMaterialUpdate":false,"showSkybox":true,"showFlares":true,"showImageEffects":true,"showParticleSystems":true},"in2DMode":false,"pivot":{"x":313.5360412597656,"y":303.7260437011719,"z":646.3977661132813},"rotation":{"x":0.1612875759601593,"y":0.8336614370346069,"z":-0.31981873512268069,"w":0.4204542338848114},"size":25.105653762817384,"orthographic":false}