{"cameraMode":{"drawMode":0,"name":"Shaded","section":"Shading Mode"},"sceneLighting":false,"audioPlay":false,"sceneViewState":{"showFog":true,"showMaterialUpdate":false,"showSkybox":true,"showFlares":true,"showImageEffects":true,"showParticleSystems":true},"in2DMode":false,"pivot":{"x":17.11425018310547,"y":-6.649714946746826,"z":6.833731651306152},"rotation":{"x":-0.2589532434940338,"y":-0.6825152039527893,"z":0.2844129204750061,"w":-0.6214990615844727},"size":46.66904830932617,"orthographic":false}