{"cameraMode":{"drawMode":0,"name":"Shaded","section":"Shading Mode"},"sceneLighting":false,"audioPlay":false,"sceneViewState":{"showFog":true,"showMaterialUpdate":false,"showSkybox":false,"showFlares":true,"showImageEffects":true,"showParticleSystems":true},"in2DMode":false,"pivot":{"x":75.24016571044922,"y":16.88930320739746,"z":53.81435775756836},"rotation":{"x":-0.41789016127586367,"y":-0.45174461603164675,"z":0.2529059648513794,"w":-0.7465821504592896},"size":8.573651313781739,"orthographic":false}