{"cameraMode":{"drawMode":0,"name":"Shaded","section":"Shading Mode"},"sceneLighting":false,"audioPlay":false,"sceneViewState":{"showFog":true,"showMaterialUpdate":false,"showSkybox":true,"showFlares":true,"showImageEffects":true,"showParticleSystems":true},"in2DMode":false,"pivot":{"x":43.242706298828128,"y":41.07393264770508,"z":-14.859070777893067},"rotation":{"x":-0.3300713896751404,"y":0.582666277885437,"z":-0.2795698344707489,"w":-0.6880884766578674},"size":2.8578836917877199,"orthographic":false}