{"cameraMode":{"drawMode":0,"name":"Shaded","section":"Shading Mode"},"sceneLighting":false,"audioPlay":false,"sceneViewState":{"showFog":true,"showMaterialUpdate":false,"showSkybox":true,"showFlares":true,"showImageEffects":true,"showParticleSystems":true},"in2DMode":false,"pivot":{"x":596.4804077148438,"y":852.057861328125,"z":-58.81605529785156},"rotation":{"x":-0.3085499107837677,"y":0.4693499803543091,"z":-0.17919182777404786,"w":-0.8078464269638062},"size":2.8578836917877199,"orthographic":false}