{"cameraMode":{"drawMode":0,"name":"Shaded","section":"Shading Mode"},"sceneLighting":false,"audioPlay":false,"sceneViewState":{"showFog":true,"showMaterialUpdate":false,"showSkybox":true,"showFlares":true,"showImageEffects":true,"showParticleSystems":true},"in2DMode":false,"pivot":{"x":422.3053894042969,"y":1179.395751953125,"z":-484.1041259765625},"rotation":{"x":0.39683014154434206,"y":-0.2358531504869461,"z":0.10630203038454056,"w":0.8807949423789978},"size":2.8578836917877199,"orthographic":false}