{"cameraMode":{"drawMode":0,"name":"Shaded","section":"Shading Mode"},"sceneLighting":false,"audioPlay":false,"sceneViewState":{"showFog":true,"showMaterialUpdate":false,"showSkybox":true,"showFlares":true,"showImageEffects":true,"showParticleSystems":true},"in2DMode":false,"pivot":{"x":422.5566711425781,"y":1178.8751220703125,"z":-484.968017578125},"rotation":{"x":0.526533305644989,"y":-0.2949589192867279,"z":0.20134174823760987,"w":0.7716371417045593},"size":2.8578836917877199,"orthographic":false}