{"cameraMode":{"drawMode":0,"name":"Shaded","section":"Shading Mode"},"sceneLighting":false,"audioPlay":false,"sceneViewState":{"showFog":true,"showMaterialUpdate":false,"showSkybox":true,"showFlares":true,"showImageEffects":true,"showParticleSystems":true},"in2DMode":false,"pivot":{"x":1.979137659072876,"y":41.16828536987305,"z":-55.36691665649414},"rotation":{"x":-0.3208993375301361,"y":0.015061451122164727,"z":0.004885946866124868,"w":0.9470683336257935},"size":2.8578836917877199,"orthographic":false}