{"cameraMode":{"drawMode":0,"name":"Shaded","section":"Shading Mode"},"sceneLighting":false,"audioPlay":false,"sceneViewState":{"showFog":true,"showMaterialUpdate":false,"showSkybox":true,"showFlares":true,"showImageEffects":true,"showParticleSystems":true},"in2DMode":false,"pivot":{"x":-352.34686279296877,"y":-1207.65625,"z":-1174.43798828125},"rotation":{"x":0.04106413945555687,"y":-0.9265419840812683,"z":0.3586486876010895,"w":0.10634268075227738},"size":2333.452392578125,"orthographic":false}