{"cameraMode":{"drawMode":0,"name":"Shaded","section":"Shading Mode"},"sceneLighting":false,"audioPlay":false,"sceneViewState":{"showFog":true,"showMaterialUpdate":false,"showSkybox":true,"showFlares":true,"showImageEffects":true,"showParticleSystems":true},"in2DMode":false,"pivot":{"x":9.67176342010498,"y":19.205764770507814,"z":79.1906509399414},"rotation":{"x":0.07409965246915817,"y":0.7617201805114746,"z":-0.0886770486831665,"w":0.6376577615737915},"size":2.8578836917877199,"orthographic":false}