{"cameraMode":{"drawMode":0,"name":"Shaded","section":"Shading Mode"},"sceneLighting":false,"audioPlay":false,"sceneViewState":{"showFog":true,"showMaterialUpdate":false,"showSkybox":true,"showFlares":true,"showImageEffects":true,"showParticleSystems":true},"in2DMode":false,"pivot":{"x":79.425048828125,"y":-7.683213233947754,"z":41.891883850097659},"rotation":{"x":-0.5048204660415649,"y":-0.3351835608482361,"z":0.22137928009033204,"w":-0.7641168236732483},"size":22.989999771118165,"orthographic":false}