{"cameraMode":{"drawMode":0,"name":"Shaded","section":"Shading Mode"},"sceneLighting":false,"audioPlay":false,"sceneViewState":{"showFog":true,"showMaterialUpdate":false,"showSkybox":true,"showFlares":true,"showImageEffects":true,"showParticleSystems":true},"in2DMode":false,"pivot":{"x":300.5520324707031,"y":60.229347229003909,"z":447.2784118652344},"rotation":{"x":-0.3829326927661896,"y":0.21926850080490113,"z":-0.09406436234712601,"w":-0.8924632668495178},"size":25.105653762817384,"orthographic":false}