{"cameraMode":{"drawMode":0,"name":"Shaded","section":"Shading Mode"},"sceneLighting":false,"audioPlay":false,"sceneViewState":{"showFog":true,"showMaterialUpdate":false,"showSkybox":true,"showFlares":true,"showImageEffects":true,"showParticleSystems":true},"in2DMode":false,"pivot":{"x":33.10895919799805,"y":177.0675048828125,"z":9.411824226379395},"rotation":{"x":0.42099329829216006,"y":-0.5746482014656067,"z":0.44773346185684206,"w":0.540525496006012},"size":23.334524154663087,"orthographic":false}