{"cameraMode":{"drawMode":0,"name":"Shaded","section":"Shading Mode"},"sceneLighting":false,"audioPlay":false,"sceneViewState":{"showFog":true,"showMaterialUpdate":false,"showSkybox":true,"showFlares":true,"showImageEffects":true,"showParticleSystems":true},"in2DMode":false,"pivot":{"x":89.55691528320313,"y":1232.863525390625,"z":802.7613525390625},"rotation":{"x":0.004193711094558239,"y":-0.9189704060554504,"z":0.3943016529083252,"w":0.009886856190860272},"size":22.0,"orthographic":false}