{"cameraMode":{"drawMode":0,"name":"Shaded","section":"Shading Mode"},"sceneLighting":false,"audioPlay":false,"sceneViewState":{"showFog":true,"showMaterialUpdate":false,"showSkybox":true,"showFlares":true,"showImageEffects":true,"showParticleSystems":true},"in2DMode":false,"pivot":{"x":6.957300186157227,"y":-2.9272515773773195,"z":-22.786001205444337},"rotation":{"x":-0.22180023789405824,"y":0.7484897375106812,"z":-0.30400025844573977,"w":-0.5460429191589356},"size":116.67262268066406,"orthographic":false}