{"cameraMode":{"drawMode":0,"name":"Shaded","section":"Shading Mode"},"sceneLighting":false,"audioPlay":false,"sceneViewState":{"showFog":true,"showMaterialUpdate":false,"showSkybox":true,"showFlares":true,"showImageEffects":true,"showParticleSystems":true},"in2DMode":false,"pivot":{"x":66.13796997070313,"y":43.157928466796878,"z":-29.238628387451173},"rotation":{"x":-0.24397893249988557,"y":0.4711829721927643,"z":-0.1374199241399765,"w":-0.8364126682281494},"size":2.8578836917877199,"orthographic":false}