{"cameraMode":{"drawMode":0,"name":"Shaded","section":"Shading Mode"},"sceneLighting":false,"audioPlay":false,"sceneViewState":{"showFog":true,"showMaterialUpdate":false,"showSkybox":true,"showFlares":true,"showImageEffects":true,"showParticleSystems":true},"in2DMode":false,"pivot":{"x":-11.213658332824707,"y":46.550880432128909,"z":-2.0683846473693849},"rotation":{"x":-0.3677925169467926,"y":-0.4746287763118744,"z":0.2276720553636551,"w":-0.7666107416152954},"size":2.8578836917877199,"orthographic":false}