{"cameraMode":{"drawMode":0,"name":"Shaded","section":"Shading Mode"},"sceneLighting":false,"audioPlay":false,"sceneViewState":{"showFog":true,"showMaterialUpdate":false,"showSkybox":true,"showFlares":true,"showImageEffects":true,"showParticleSystems":true},"in2DMode":false,"pivot":{"x":-4.539916038513184,"y":3.3727664947509767,"z":-0.6339812278747559},"rotation":{"x":-0.27531060576438906,"y":0.6579195261001587,"z":-0.2823368310928345,"w":-0.6417694091796875},"size":23.334524154663087,"orthographic":false}