{"cameraMode":{"drawMode":0,"name":"Shaded","section":"Shading Mode"},"sceneLighting":false,"audioPlay":false,"sceneViewState":{"showFog":true,"showMaterialUpdate":false,"showSkybox":true,"showFlares":true,"showImageEffects":true,"showParticleSystems":true},"in2DMode":false,"pivot":{"x":-6.318707466125488,"y":5.258357048034668,"z":-0.41092240810394289},"rotation":{"x":-0.24112781882286073,"y":0.6676315069198608,"z":-0.243597611784935,"w":-0.6610764861106873},"size":23.334524154663087,"orthographic":false}