{"cameraMode":{"drawMode":0,"name":"Shaded","section":"Shading Mode"},"sceneLighting":false,"audioPlay":false,"sceneViewState":{"showFog":true,"showMaterialUpdate":false,"showSkybox":true,"showFlares":true,"showImageEffects":true,"showParticleSystems":true},"in2DMode":false,"pivot":{"x":49.16608428955078,"y":22.857032775878908,"z":6.629465103149414},"rotation":{"x":-0.49688005447387698,"y":0.45448097586631777,"z":-0.3453484773635864,"w":-0.6538642644882202},"size":61.0199089050293,"orthographic":false}