{"cameraMode":{"drawMode":0,"name":"Shaded","section":"Shading Mode"},"sceneLighting":false,"audioPlay":false,"sceneViewState":{"showFog":true,"showMaterialUpdate":false,"showSkybox":true,"showFlares":true,"showImageEffects":true,"showParticleSystems":true},"in2DMode":false,"pivot":{"x":450.857666015625,"y":2474.37109375,"z":-1113.723388671875},"rotation":{"x":0.5539467930793762,"y":-0.15342268347740174,"z":0.10445087403059006,"w":0.8117059469223023},"size":2.8578836917877199,"orthographic":false}